id,age,income,city
1,0.49999999999999956,0.3333333333333335,NY
2,0.7499999999999996,1.0,LA
4,0.0,0.0,SF
5,0.7499999999999996,0.4666666666666668,NY
6,0.9999999999999996,0.40000000000000036,LA
